might	modal verb
shall	modal verb
ought	modal verb
become	verb
seem	verb
believe	verb
allow	verb
include	verb
continue	verb
lead	verb
offer	verb
appear	verb
expect	verb
suggest	verb
receive	verb
reach	verb
kill	verb
die	verb
raise	verb
pass	verb
create	verb
provide	verb
accept	verb
support	verb, noun
report	noun, verb
remain	verb
consider	verb
mind	verb, noun
fail	verb
develop	verb
produce	verb
manage	verb
prepare	verb
protect	verb
discover	verb
explore	verb
collect	verb
compare	verb
contain	verb
control	verb, noun
cover	verb, noun
deliver	verb
design	noun, verb
destroy	verb
enter	verb
escape	verb
fix	verb
hide	verb
hold	verb
hurt	verb
imagine	verb
introduce	verb
involve	verb
lie	verb
lift	verb
marry	verb
notice	verb
own	verb, adjective
pack	verb
pick	verb
pull	verb
push	verb
recognise	verb
recommend	verb
refuse	verb
replace	verb
reply	verb, noun
rest	verb, noun
ring	verb
rise	verb
search	verb, noun
serve	verb
set	verb
shake	verb
shine	verb
shoot	verb
shut	verb
sign	verb, noun
smell	verb, noun
solve	verb
steal	verb
succeed	verb
suppose	verb
surprise	verb, noun
taste	verb, noun
touch	verb
treat	verb
wonder	verb
wish	verb, noun
argue	verb
attack	verb, noun
bake	verb
belong	verb
bite	verb
blow	verb
boil	verb
burn	verb
celebrate	verb
chat	verb, noun
cheer	verb
communicate	verb
complain	verb
connect	verb
copy	verb, noun
cross	verb
deal	verb
depend	verb
dig	verb
divide	verb
drop	verb
earn	verb
encourage	verb
exercise	noun, verb
fight	verb, noun
fit	verb, adjective
fold	verb
freeze	verb
hang	verb
hire	verb
identify	verb
knock	verb
lock	verb, noun
mix	verb
nod	verb
obey	verb
organise	verb
perform	verb
pour	verb
pray	verb
pretend	verb
promise	verb, noun
prove	verb
publish	verb
record	verb, noun
reduce	verb
remove	verb
rescue	verb
reserve	verb
review	noun, verb
rob	verb
roll	verb
rush	verb
scream	verb
slip	verb
spill	verb
stick	verb
store	verb, noun
suffer	verb
switch	verb
tie	verb
upload	verb
vote	verb, noun
warn	verb
wave	verb, noun
weigh	verb
whisper	verb
wrap	verb
yell	verb
government	noun
system	noun
area	noun
case	noun
program	noun
programme	noun
power	noun
interest	noun
service	noun
war	noun
history	noun
result	noun
reason	noun
research	noun
moment	noun
health	noun
law	noun
member	noun
level	noun
education	noun
force	noun
process	noun
experience	noun, verb
art	noun
community	noun
society	noun
culture	noun
nature	noun
science	noun
technology	noun
environment	noun
future	noun
situation	noun
activity	noun
advice	noun
accident	noun
adventure	noun
advertisement	noun
appointment	noun
army	noun
article	noun
baker	noun
ballet	noun
band	noun
bill	noun
blood	noun
bone	noun
brain	noun
branch	noun
career	noun
cash	noun
chance	noun
character	noun
choice	noun
competition	noun
condition	noun
conversation	noun
course	noun
crime	noun
crowd	noun
customer	noun
damage	noun, verb
danger	noun
date	noun
death	noun
decision	noun
degree	noun
dentist	noun
department	noun
detail	noun
diary	noun
diet	noun
difference	noun
direction	noun
discussion	noun
disease	noun
distance	noun
document	noun
earth	noun
effect	noun
energy	noun
event	noun
exhibition	noun
fan	noun
fashion	noun
fear	noun
feeling	noun
festival	noun
field	noun
flight	noun
fuel	noun
furniture	noun
gas	noun
goal	noun
gold	noun
guide	noun, verb
guitar	noun
habit	noun
hall	noun
headache	noun
height	noun
hero	noun
hole	noun
illness	noun
industry	noun
instruction	noun
interview	noun, verb
invitation	noun
journey	noun
kilometre	noun
knowledge	noun
land	noun, verb
leader	noun
licence	noun
line	noun
location	noun
luck	noun
machine	noun
manner	noun
match	noun
material	noun
medicine	noun
memory	noun
metal	noun
method	noun
metre	noun
middle	noun
model	noun
mood	noun
motorbike	noun
nation	noun
net	noun
news	noun
object	noun
ocean	noun
opinion	noun
pain	noun
pair	noun
passenger	noun
path	noun
patient	noun, adjective
pattern	noun
peace	noun
period	noun
pet	noun
piano	noun
piece	noun
pilot	noun
planet	noun
plastic	noun, adjective
player	noun
pocket	noun
poem	noun
pollution	noun
population	noun
position	noun
post	noun, verb
pound	noun
practice	noun
prize	noun
product	noun
project	noun
purpose	noun
race	noun
rate	noun
recipe	noun
region	noun
relationship	noun
reservation	noun
rock	noun
role	noun
rule	noun
safety	noun
sale	noun
scene	noun
score	noun, verb
screen	noun
season	noun
seat	noun
secret	noun, adjective
section	noun
sense	noun
series	noun
shape	noun
shelf	noun
silver	noun
size	noun
skill	noun
skin	noun
smoke	noun, verb
soldier	noun
space	noun
speech	noun
speed	noun
square	noun, adjective
stage	noun
stamp	noun
step	noun
stone	noun
storm	noun
stranger	noun
stress	noun
style	noun
subject	noun
success	noun
suggestion	noun
surface	noun
symbol	noun
talent	noun
temperature	noun
tent	noun
theory	noun
thought	noun
title	noun
tool	noun
topic	noun
tour	noun
tradition	noun
traffic	noun
truth	noun
tyre	noun
uniform	noun
unit	noun
user	noun
value	noun
view	noun
visitor	noun
waste	noun, verb
wedding	noun
weight	noun
wheel	noun
wildlife	noun
wood	noun
wool	noun
yard	noun
youth	noun
zone	noun
possible	adjective
public	adjective, noun
whole	adjective
certain	adjective
clear	adjective
local	adjective
special	adjective
general	adjective
large	adjective
social	adjective
national	adjective
international	adjective
political	adjective
main	adjective
human	adjective, noun
natural	adjective
personal	adjective
private	adjective
modern	adjective
traditional	adjective
simple	adjective
serious	adjective
similar	adjective
able	adjective
afraid	adjective
angry	adjective
annoyed	adjective
asleep	adjective
awake	adjective
awful	adjective
bored	adjective
brave	adjective
bright	adjective
broken	adjective
calm	adjective
careful	adjective
careless	adjective
central	adjective
cheerful	adjective
clever	adjective
cloudy	adjective
comfortable	adjective
common	adjective
confident	adjective
confused	adjective
correct	adjective
crazy	adjective
cute	adjective
daily	adjective, adverb
dead	adjective
deep	adjective
direct	adjective
disappointed	adjective
double	adjective
dry	adjective
electric	adjective
embarrassed	adjective
excited	adjective
exciting	adjective
extra	adjective
fair	adjective
false	adjective
familiar	adjective
fantastic	adjective
fresh	adjective
frightened	adjective
frozen	adjective
glad	adjective
gentle	adjective
golden	adjective
handsome	adjective
heavy	adjective
helpful	adjective
honest	adjective
huge	adjective
ideal	adjective
impossible	adjective
independent	adjective
lazy	adjective
lonely	adjective
lucky	adjective
mad	adjective
medical	adjective
missing	adjective
narrow	adjective
nervous	adjective
normal	adjective
original	adjective
perfect	adjective
pleasant	adjective
polite	adjective
positive	adjective
negative	adjective
powerful	adjective
proud	adjective
rare	adjective
recent	adjective
relaxed	adjective
rude	adjective
salty	adjective
scared	adjective
sharp	adjective
shy	adjective
silly	adjective
smart	adjective
soft	adjective
spicy	adjective
strange	adjective
stupid	adjective
successful	adjective
sunny	adjective
surprised	adjective
sweet	adjective
thick	adjective
tidy	adjective
tiny	adjective
typical	adjective
unhappy	adjective
unusual	adjective
useful	adjective
useless	adjective
usual	adjective
various	adjective
wet	adjective
wide	adjective
wild	adjective
windy	adjective
wise	adjective
worried	adjective
worse	adjective, adverb
worst	adjective, adverb
foreign	adjective
further	adverb, adjective
least	determiner, adverb
less	determiner, adverb
several	determiner, pronoun
either	determiner, pronoun, adverb
neither	determiner, pronoun
such	determiner
whatever	pronoun, determiner
everybody	pronoun
however	adverb
although	conjunction
though	conjunction, adverb
unless	conjunction
whether	conjunction
instead	adverb
actually	adverb
especially	adverb
exactly	adverb
finally	adverb
suddenly	adverb
recently	adverb
certainly	adverb
clearly	adverb
completely	adverb
easily	adverb
nearly	adverb
hardly	adverb
immediately	adverb
luckily	adverb
unfortunately	adverb
fortunately	adverb
simply	adverb
anyway	adverb
ever	adverb
forever	adverb
otherwise	adverb
rather	adverb
straight	adverb, adjective
towards	preposition
among	preposition
beside	preposition
beyond	preposition
within	preposition
except	preposition
including	preposition
onto	preposition
throughout	preposition
via	preposition
apart	adverb
forward	adverb
backwards	adverb
indoors	adverb
outdoors	adverb
nowhere	adverb
someday	adverb
alright	adjective, adverb
wow	exclamation
hey	exclamation
oops	exclamation
cheers	exclamation
congratulations	exclamation
dear	exclamation, adjective
bean	noun
beef	noun
biscuit	noun
burger	noun
carrot	noun
cereal	noun
cherry	noun
chip	noun
cookie	noun
cream	noun
cucumber	noun
dessert	noun
flour	noun
garlic	noun
grape	noun
honey	noun
jam	noun
lemon	noun
mushroom	noun
nut	noun
oil	noun
onion	noun
pear	noun
pepper	noun
pie	noun
pork	noun
sauce	noun
sausage	noun
snack	noun
steak	noun
strawberry	noun
tuna	noun
wine	noun
beer	noun
yoghurt	noun
menu	noun
waitress	noun
chef	noun
bakery	noun
bar	noun
pub	noun
balcony	noun
basement	noun
blanket	noun
carpet	noun
ceiling	noun
cupboard	noun
curtain	noun
drawer	noun
fence	noun
gate	noun
heating	noun
mirror	noun
pillow	noun
roof	noun
sink	noun
stairs	noun
wardrobe	noun
washing machine	noun
dishwasher	noun
microwave	noun
oven	noun
pan	noun
pot	noun
rubbish	noun
bin	noun
tap	noun
neighbourhood	noun
belt	noun
boot	noun
bracelet	noun
button	noun
cap	noun
glove	noun
jumper	noun
necklace	noun
scarf	noun
shorts	noun
sweater	noun
swimsuit	noun
umbrella	noun
wallet	noun
purse	noun
handbag	noun
backpack	noun
ankle	noun
cheek	noun
chest	noun
chin	noun
elbow	noun
knee	noun
lip	noun
neck	noun
shoulder	noun
throat	noun
toe	noun
tongue	noun
cough	noun, verb
fever	noun
flu	noun
pill	noun
injury	noun
ambulance	noun
chemist	noun
pharmacy	noun
toothache	noun
accountant	noun
architect	noun
businessman	noun
cleaner	noun
dancer	noun
designer	noun
firefighter	noun
journalist	noun
lawyer	noun
mechanic	noun
musician	noun
painter	noun
photographer	noun
politician	noun
receptionist	noun
scientist	noun
secretary	noun
staff	noun
colleague	noun
employee	noun
salary	noun
meeting	noun
contract	noun
CV	noun
airline	noun
arrival	noun
departure	noun
coach	noun
crossing	noun
destination	noun
ferry	noun
garage	noun
guidebook	noun
helicopter	noun
luggage	noun
motorway	noun
petrol	noun
platform	noun
port	noun
railway	noun
route	noun
ship	noun
sightseeing	noun
souvenir	noun
subway	noun
timetable	noun
tram	noun
truck	noun
underground	noun
van	noun
visa	noun
bee	noun
bear	noun
butterfly	noun
camel	noun
duck	noun
frog	noun
giraffe	noun
goat	noun
insect	noun
monkey	noun
sheep	noun
snake	noun
spider	noun
tiger	noun
whale	noun
wolf	noun
desert	noun
coast	noun
countryside	noun
jungle	noun
valley	noun
fog	noun
thunder	noun
lightning	noun
sunshine	noun
rainbow	noun
climate	noun
app	noun
battery	noun
blog	noun
click	verb, noun
data	noun
file	noun
keyboard	noun
password	noun
printer	noun
software	noun
username	noun
smartphone	noun
mobile	adjective, noun
chess	noun
cycling	noun
fishing	noun
golf	noun
hockey	noun
running	noun
skiing	noun
swimming	noun
volleyball	noun
basketball	noun
baseball	noun
champion	noun
stadium	noun
drum	noun
violin	noun
painting	noun
novel	noun
cartoon	noun
comedy	noun
documentary	noun
channel	noun
advert	noun
calendar	noun
century	noun
decade	noun
midnight	noun
noon	noun
coin	noun
credit card	noun
receipt	noun
discount	noun
euro	noun
dollar	noun
queue	noun, verb
envelope	noun
postcard	noun
parcel	noun
quarter	noun
dozen	noun
couple	noun
twin	noun
teenager	noun
gentleman	noun
lady	noun
citizen	noun
king	noun
queen	noun
prince	noun
princess	noun
god	noun
ghost	noun
monster	noun
kingdom	noun
Christmas	noun
Easter	noun
anniversary	noun
ceremony	noun
celebration	noun
Europe	noun
European	adjective, noun
Chinese	adjective, noun
Japanese	adjective, noun
Russian	adjective, noun
Irish	adjective
Canadian	adjective
Australian	adjective
officer	noun
agency	noun
amount	noun
ancient	adjective
anybody	pronoun
apologise	verb
attend	verb
attention	noun
audience	noun
available	adjective
average	adjective, noun
avoid	verb
background	noun
basic	adjective
bit	noun
blank	adjective
bottom	noun
brand	noun
breath	noun
breathe	verb
brush	noun, verb
bubble	noun
bucket	noun
camp	noun, verb
campsite	noun
candle	noun
capital	noun
card	noun
cave	noun
chain	noun
challenge	noun
chapter	noun
childhood	noun
classroom	noun
clothing	noun
comment	noun, verb
contact	noun, verb
cotton	noun
crash	noun, verb
cycle	verb
diamond	noun
dish	noun
drama	noun
dust	noun
edge	noun
electricity	noun
emergency	noun
ending	noun
engine	noun
entrance	noun
exit	noun
equipment	noun
error	noun
everyday	adjective
explanation	noun
feature	noun
fee	noun
fiction	noun
final	adjective
flag	noun
form	noun
friendship	noun
gallery	noun
generation	noun
grade	noun
ground	noun
guard	noun
hairdresser	noun
heat	noun
housework	noun
humour	noun
image	noun
inch	noun
ingredient	noun
instrument	noun
item	noun
jewellery	noun
joke	noun, verb
kilo	noun
lab	noun
laboratory	noun
leaf	noun
lifestyle	noun
litre	noun
mark	noun, verb
mile	noun
nationality	noun
nest	noun
opportunity	noun
outfit	noun
owner	noun
partner	noun
pity	noun
poster	noun
presenter	noun
quiz	noun
rainforest	noun
reader	noun
rope	noun
row	noun
sail	verb
scissors	noun
seed	noun
shadow	noun
sight	noun
silence	noun
soil	noun
spot	noun
string	noun
sunglasses	noun
supper	noun
surname	noun
sweets	noun
tablet	noun
target	noun
toothbrush	noun
toothpaste	noun
tower	noun
trainers	noun
tune	noun
volume	noun
wing	noun
winner	noun
zero	number
billion	number
upset	adjective
silent	adjective
smoothly	adverb
quietly	adverb
loudly	adverb
badly	adverb
happily	adverb
properly	adverb
extremely	adverb
fairly	adverb
mostly	adverb
alive	adjective
amazed	adjective
amused	adjective
attractive	adjective
crowded	adjective
furious	adjective
interested	adjective
pleased	adjective
sore	adjective
strict	adjective
talented	adjective
tasty	adjective
