achieve	verb
admit	verb
affect	verb
apply	verb
arrange	verb
assume	verb
attract	verb
beat	verb
bend	verb
bet	verb
blame	verb, noun
bother	verb
bury	verb
calculate	verb
cancel	verb
care	verb, noun
cause	verb, noun
charge	verb, noun
cheat	verb
claim	verb, noun
combine	verb
compete	verb
concentrate	verb
confirm	verb
convince	verb
crack	verb, noun
criticise	verb
define	verb
deny	verb
deserve	verb
determine	verb
disagree	verb
disappear	verb
discuss	verb
dislike	verb
educate	verb
employ	verb
establish	verb
estimate	verb, noun
examine	verb
exist	verb
expand	verb
experiment	noun, verb
express	verb
extend	verb
feed	verb
fetch	verb
forgive	verb
gain	verb
generate	verb
greet	verb
handle	verb
ignore	verb
impress	verb
increase	verb, noun
indicate	verb
influence	verb, noun
inform	verb
injure	verb
install	verb
insist	verb
intend	verb
invent	verb
invest	verb
judge	verb, noun
lack	noun, verb
lay	verb
limit	noun, verb
link	noun, verb
load	verb
measure	verb
mention	verb
observe	verb
obtain	verb
occur	verb
operate	verb
oppose	verb
owe	verb
persuade	verb
predict	verb
prevent	verb
progress	noun
punish	verb
qualify	verb
react	verb
realise	verb
recover	verb
reflect	verb
regret	verb
relate	verb
rely	verb
remind	verb
repair	verb
represent	verb
require	verb
respect	verb, noun
respond	verb
retire	verb
reveal	verb
risk	noun, verb
satisfy	verb
scare	verb
seek	verb
select	verb
separate	verb, adjective
settle	verb
shock	verb, noun
skip	verb
slide	verb
spread	verb
squeeze	verb
state	verb, noun
stretch	verb
strike	verb
struggle	verb
supply	verb, noun
surround	verb
survive	verb
swap	verb
swing	verb
tear	verb
tend	verb
threaten	verb
translate	verb
trust	verb, noun
vary	verb
wander	verb
wipe	verb
announce	verb
appreciate	verb
approach	verb, noun
attach	verb
attempt	verb, noun
behave	verb
boost	verb
breed	verb
bully	verb
chase	verb
clap	verb
compose	verb
conduct	verb
consist	verb
cope	verb
crawl	verb
cure	verb, noun
decorate	verb
delay	verb, noun
demand	verb, noun
display	verb, noun
dive	verb
donate	verb
drag	verb
float	verb
flow	verb, noun
gather	verb
glance	verb
govern	verb
grab	verb
heal	verb
hunt	verb
inspire	verb
interrupt	verb
invade	verb
kneel	verb
lean	verb
melt	verb
murder	verb, noun
pause	verb
permit	verb
pollute	verb
pronounce	verb
pursue	verb
recycle	verb
reject	verb
release	verb, noun
request	verb, noun
resist	verb
rid	verb
rub	verb
scratch	verb
shelter	noun
shrink	verb
sigh	verb
snap	verb
spin	verb
stare	verb
stir	verb
suit	verb, noun
swallow	verb
tease	verb
tip	noun, verb
trap	verb, noun
unlock	verb
upgrade	verb
whistle	verb
ability	noun
access	noun
account	noun
action	noun
advance	noun
advantage	noun
disadvantage	noun
agreement	noun
aim	noun, verb
alarm	noun
ambition	noun
analysis	noun
anger	noun
announcement	noun
anxiety	noun
application	noun
argument	noun
arrangement	noun
atmosphere	noun
attitude	noun
author	noun
authority	noun
award	noun
balance	noun
barrier	noun
basis	noun
battle	noun
behaviour	noun
belief	noun
benefit	noun
border	noun
budget	noun
campaign	noun
candidate	noun
capacity	noun
celebrity	noun
cell	noun
charity	noun
chart	noun
code	noun
collection	noun
column	noun
comfort	noun
commercial	adjective
communication	noun
comparison	noun
complaint	noun
concept	noun
concern	noun
confidence	noun
connection	noun
consequence	noun
contest	noun
context	noun
contrast	noun
council	noun
courage	noun
court	noun
creature	noun
credit	noun
crew	noun
criminal	noun
crisis	noun
critic	noun
currency	noun
custom	noun
debate	noun
debt	noun
definition	noun
delivery	noun
democracy	noun
description	noun
desire	noun
development	noun
device	noun
disaster	noun
discovery	noun
duty	noun
economy	noun
editor	noun
effort	noun
election	noun
element	noun
emotion	noun
employer	noun
employment	noun
entertainment	noun
entry	noun
evidence	noun
exchange	noun
expedition	noun
expert	noun
explosion	noun
extract	noun
factor	noun
failure	noun
faith	noun
fault	noun
figure	noun
finance	noun
fitness	noun
flood	noun
focus	noun
freedom	noun
function	noun
fund	noun
gap	noun
gender	noun
global	adjective
growth	noun
guarantee	noun
guilt	noun
harm	noun
heritage	noun
honour	noun
horror	noun
host	noun
household	noun
identity	noun
impact	noun
improvement	noun
income	noun
individual	noun, adjective
insurance	noun
intelligence	noun
invention	noun
investigation	noun
issue	noun
justice	noun
label	noun
labour	noun
landscape	noun
laughter	noun
league	noun
lecture	noun
leisure	noun
loan	noun
loss	noun
manufacture	verb
mass	noun
maximum	noun, adjective
minimum	noun, adjective
media	noun
membership	noun
mess	noun
military	adjective
mission	noun
motor	noun
movement	noun
mystery	noun
network	noun
nightmare	noun
occasion	noun
operation	noun
option	noun
organisation	noun
outcome	noun
pace	noun
panic	noun
participant	noun
passion	noun
penalty	noun
percentage	noun
performance	noun
permission	noun
personality	noun
phase	noun
policy	noun
pressure	noun
principle	noun
priority	noun
prison	noun
procedure	noun
profession	noun
profit	noun
proof	noun
property	noun
proportion	noun
protest	noun
quality	noun
quantity	noun
range	noun
reaction	noun
recording	noun
reference	noun
relation	noun
relief	noun
religion	noun
reputation	noun
resource	noun
response	noun
responsibility	noun
revolution	noun
reward	noun
routine	noun
sample	noun
scale	noun
scheme	noun
security	noun
sector	noun
selection	noun
sequence	noun
shift	noun
signal	noun
solution	noun
source	noun
species	noun
spirit	noun
statement	noun
status	noun
strategy	noun
strength	noun
structure	noun
supporter	noun
survey	noun
survival	noun
task	noun
tax	noun
technique	noun
tension	noun
term	noun
threat	noun
tournament	noun
trade	noun
transport	noun
treatment	noun
trend	noun
trial	noun
union	noun
universe	noun
variety	noun
version	noun
victim	noun
violence	noun
volunteer	noun, verb
warning	noun
wealth	noun
welfare	noun
witness	noun
actual	adjective
additional	adjective
alternative	adjective, noun
anxious	adjective
apparent	adjective
appropriate	adjective
artificial	adjective
ashamed	adjective
aware	adjective
awkward	adjective
basically	adverb
beneficial	adjective
bitter	adjective
blind	adjective
bold	adjective
brief	adjective
brilliant	adjective
capable	adjective
casual	adjective
cautious	adjective
challenging	adjective
chemical	adjective, noun
classic	adjective
classical	adjective
complex	adjective
complicated	adjective
concerned	adjective
conscious	adjective
constant	adjective
convenient	adjective
creative	adjective
critical	adjective
cruel	adjective
curious	adjective
current	adjective
deaf	adjective
decent	adjective
delighted	adjective
dependent	adjective
desperate	adjective
detailed	adjective
determined	adjective
digital	adjective
disabled	adjective
distant	adjective
domestic	adjective
dramatic	adjective
eager	adjective
economic	adjective
educational	adjective
effective	adjective
efficient	adjective
elderly	adjective
electronic	adjective
emotional	adjective
energetic	adjective
enormous	adjective
entire	adjective
environmental	adjective
equal	adjective
essential	adjective
exact	adjective
exhausted	adjective
existing	adjective
expected	adjective
experienced	adjective
extreme	adjective
fake	adjective
fashionable	adjective
financial	adjective
flexible	adjective
fluent	adjective
formal	adjective
informal	adjective
former	adjective
frequent	adjective
frustrated	adjective
generous	adjective
genuine	adjective
gorgeous	adjective
grateful	adjective
guilty	adjective
harmful	adjective
historic	adjective
historical	adjective
hopeful	adjective
horrible	adjective
illegal	adjective
legal	adjective
impressive	adjective
incredible	adjective
industrial	adjective
inner	adjective
innocent	adjective
intelligent	adjective
intense	adjective
junior	adjective
senior	adjective
latest	adjective
likely	adjective
unlikely	adjective
limited	adjective
logical	adjective
loose	adjective
loyal	adjective
major	adjective
minor	adjective
mental	adjective
mild	adjective
mixed	adjective
moral	adjective
multiple	adjective
mysterious	adjective
native	adjective
necessary	adjective
neat	adjective
nuclear	adjective
obvious	adjective
odd	adjective
official	adjective, noun
ordinary	adjective
outer	adjective
peaceful	adjective
permanent	adjective
physical	adjective
plain	adjective
practical	adjective
precious	adjective
pregnant	adjective
previous	adjective
primary	adjective
professional	adjective
proper	adjective
pure	adjective
raw	adjective
reasonable	adjective
regular	adjective
relevant	adjective
reliable	adjective
religious	adjective
responsible	adjective
romantic	adjective
rough	adjective
royal	adjective
rural	adjective
urban	adjective
scary	adjective
secure	adjective
selfish	adjective
sensible	adjective
sensitive	adjective
severe	adjective
sincere	adjective
smooth	adjective
solid	adjective
spare	adjective
specific	adjective
steady	adjective
steep	adjective
sticky	adjective
stressed	adjective
stressful	adjective
sudden	adjective
suitable	adjective
super	adjective
sweaty	adjective
technical	adjective
temporary	adjective
tight	adjective
total	adjective, noun
tough	adjective
tropical	adjective
unemployed	adjective
unique	adjective
unknown	adjective
upper	adjective
valuable	adjective
violent	adjective
virtual	adjective
visible	adjective
vital	adjective
weird	adjective
willing	adjective
worth	adjective
wooden	adjective
absolutely	adverb
accidentally	adverb
according to	preposition
afterwards	adverb
ahead	adverb
apparently	adverb
approximately	adverb
aside	adverb
automatically	adverb
besides	adverb, preposition
briefly	adverb
constantly	adverb
currently	adverb
definitely	adverb
deliberately	adverb
directly	adverb
effectively	adverb
elsewhere	adverb
entirely	adverb
equally	adverb
eventually	adverb
fully	adverb
generally	adverb
gradually	adverb
highly	adverb
honestly	adverb
hopefully	adverb
increasingly	adverb
indeed	adverb
instantly	adverb
largely	adverb
lately	adverb
likewise	adverb
mainly	adverb
meanwhile	adverb
naturally	adverb
necessarily	adverb
normally	adverb
obviously	adverb
occasionally	adverb
originally	adverb
partly	adverb
particularly	adverb
personally	adverb
possibly	adverb
previously	adverb
rapidly	adverb
rarely	adverb
regularly	adverb
relatively	adverb
seriously	adverb
slightly	adverb
somehow	adverb
somewhat	adverb
specifically	adverb
surely	adverb
therefore	adverb
thus	adverb
totally	adverb
truly	adverb
typically	adverb
ultimately	adverb
widely	adverb
moreover	adverb
furthermore	adverb
nevertheless	adverb
despite	preposition
whereas	conjunction
whenever	conjunction
wherever	conjunction
whoever	pronoun
whichever	pronoun, determiner
plus	preposition
regarding	preposition
upon	preposition
underneath	preposition
alongside	preposition
nowadays	adverb
aircraft	noun
alcohol	noun
apology	noun
appearance	noun
appetite	noun
assistant	noun
athlete	noun
attraction	noun
bacteria	noun
baggage	noun
bargain	noun
bay	noun
beard	noun
beauty	noun
bell	noun
biology	noun
blade	noun
block	noun, verb
boarding	noun
brick	noun
broadcast	noun, verb
bulb	noun
bullet	noun
bush	noun
cabin	noun
cable	noun
canal	noun
cancer	noun
cast	noun
championship	noun
chemistry	noun
physics	noun
geography	noun
mathematics	noun
maths	noun
literature	noun
classmate	noun
cliff	noun
coal	noun
comedian	noun
companion	noun
composer	noun
congress	noun
construction	noun
consumer	noun
container	noun
contents	noun
copper	noun
corridor	noun
costume	noun
cottage	noun
counter	noun
crop	noun
cruise	noun
cyclist	noun
dairy	noun
deadline	noun
deck	noun
deer	noun
diploma	noun
director	noun
dinosaur	noun
disc	noun
dot	noun
drawing	noun
drug	noun
eagle	noun
earthquake	noun
engineering	noun
essay	noun
fabric	noun
factory	noun
fare	noun
feather	noun
firm	noun
flavour	noun
fox	noun
frame	noun
fur	noun
gadget	noun
gang	noun
gear	noun
gene	noun
glacier	noun
goods	noun
grain	noun
graphics	noun
greenhouse	noun
grocery	noun
gun	noun
habitat	noun
hammer	noun
harbour	noun
headline	noun
headquarters	noun
heel	noun
hostel	noun
hunger	noun
hurricane	noun
hut	noun
iron	noun
jail	noun
jar	noun
jet	noun
journal	noun
kit	noun
knot	noun
ladder	noun
lane	noun
lawn	noun
layer	noun
lecturer	noun
lens	noun
liquid	noun
lorry	noun
mall	noun
mammal	noun
manufacturer	noun
marathon	noun
marriage	noun
mayor	noun
microphone	noun
mineral	noun
minister	noun
mosquito	noun
motorist	noun
mud	noun
muscle	noun
nail	noun
navy	noun
needle	noun
nerve	noun
nursery	noun
oxygen	noun
packet	noun
palace	noun
parliament	noun
pavement	noun
peak	noun
pedestrian	noun
pension	noun
philosophy	noun
pin	noun
pitch	noun
poet	noun
poetry	noun
poison	noun
pole	noun
portrait	noun
predator	noun
president	noun
prey	noun
producer	noun
psychology	noun
publisher	noun
pupil	noun
rail	noun
rat	noun
refrigerator	noun
reception	noun
referee	noun
relative	noun
reporter	noun
resident	noun
resort	noun
rubber	noun
sailor	noun
satellite	noun
saucepan	noun
scenery	noun
scholarship	noun
screw	noun
sculpture	noun
semester	noun
servant	noun
sheet	noun
shell	noun
shore	noun
skeleton	noun
sleeve	noun
slope	noun
soul	noun
spa	noun
spectator	noun
spice	noun
sponsor	noun
stall	noun
statue	noun
steel	noun
stream	noun
studio	noun
suburb	noun
suspect	noun, verb
sword	noun
tank	noun
telescope	noun
tenant	noun
terrorist	noun
textbook	noun
thief	noun
thread	noun
tide	noun
torch	noun
tornado	noun
tourism	noun
tray	noun
trophy	noun
tube	noun
tunnel	noun
vacuum	noun
vehicle	noun
vet	noun
victory	noun
virus	noun
volcano	noun
wage	noun
warmth	noun
weapon	noun
web	noun
wheelchair	noun
wire	noun
workplace	noun
workshop	noun
wrist	noun
youngster	noun
afford	verb
approve	verb
assist	verb
backup	noun
bookshop	noun
broadband	noun
browser	noun
chatroom	noun
inbox	noun
podcast	noun
selfie	noun
update	verb, noun
wi-fi	noun
log	verb
delete	verb
social media	noun
accommodation	noun
achievement	noun
addiction	noun
admission	noun
advertise	verb
advertising	noun
agriculture	noun
aid	noun
alien	noun
analyse	verb
appeal	noun, verb
arrest	verb, noun
assessment	noun
assignment	noun
associate	verb
athletics	noun
attendance	noun
audio	adjective
bark	verb
behalf	noun
biography	noun
boom	noun
breakdown	noun
burglar	noun
capture	verb
category	noun
cheque	noun
chew	verb
clinic	noun
coincidence	noun
comic	noun, adjective
commit	verb
committee	noun
compensation	noun
conference	noun
conflict	noun
confusion	noun
consult	verb
contribute	verb
convert	verb
cooperation	noun
correspondent	noun
creativity	noun
criticism	noun
cuisine	noun
dare	verb
deposit	noun
depressed	adjective
destruction	noun
diagnosis	noun
dialogue	noun
diversity	noun
divorce	noun, verb
drought	noun
earnings	noun
ecology	noun
emission	noun
encounter	verb
endangered	adjective
enquiry	noun
entertain	verb
enthusiasm	noun
enthusiastic	adjective
episode	noun
era	noun
excuse	noun, verb
exhausting	adjective
extinct	adjective
facility	noun
fame	noun
fancy	verb, adjective
fiancé	noun
filming	noun
flatmate	noun
flock	noun
footstep	noun
forecast	noun, verb
fortune	noun
fossil	noun
frustrating	adjective
gaming	noun
garbage	noun
genius	noun
gesture	noun
glory	noun
graduate	noun, verb
grocer	noun
guidance	noun
hacker	noun
harvest	noun
hike	noun, verb
hilarious	adjective
horn	noun
humid	adjective
illustrate	verb
illustration	noun
impatient	adjective
inflation	noun
inhabitant	noun
initial	adjective
injection	noun
innovation	noun
input	noun
inspiration	noun
instance	noun
interval	noun
inventor	noun
investment	noun
jealous	adjective
jogging	noun
landmark	noun
lifetime	noun
literacy	noun
loyalty	noun
luxury	noun
mate	noun
mechanical	adjective
memorable	adjective
messy	adjective
mortgage	noun
mug	noun
nutrition	noun
obesity	noun
obsessed	adjective
outline	noun
overseas	adverb, adjective
overtime	noun
overweight	adjective
pale	adjective
parade	noun
patience	noun
phenomenon	noun
pleasure	noun
portion	noun
poverty	noun
praise	verb, noun
prejudice	noun
premises	noun
presentation	noun
pride	noun
privacy	noun
promotion	noun
prospect	noun
qualification	noun
rainfall	noun
ranking	noun
recommendation	noun
recovery	noun
refund	noun
refugee	noun
rehearsal	noun
remote	adjective
renewable	adjective
replacement	noun
retirement	noun
robbery	noun
rival	noun
satisfaction	noun
scandal	noun
schedule	noun
seminar	noun
shortage	noun
sibling	noun
signature	noun
skyscraper	noun
slang	noun
slice	noun
spelling	noun
spoil	verb
sprint	noun
stain	noun
starve	verb
stereotype	noun
stuff	noun
substance	noun
summary	noun
sunrise	noun
sunset	noun
surgery	noun
suspicious	adjective
sweat	noun, verb
tackle	verb
teamwork	noun
thriller	noun
timing	noun
tiring	adjective
traveller	noun
trainee	noun
tutor	noun
unemployment	noun
unexpected	adjective
vacancy	noun
vegetarian	noun, adjective
vegan	noun, adjective
venue	noun
viewer	noun
vision	noun
voluntary	adjective
wealthy	adjective
weekday	noun
wireless	adjective
worldwide	adjective, adverb
worthwhile	adjective
writing	noun
