abandon	verb
abolish	verb
abound	verb
absorb	verb
abstain	verb
accelerate	verb
accommodate	verb
accumulate	verb
activate	verb
adhere	verb
administer	verb
aggravate	verb
alienate	verb
allege	verb
alleviate	verb
amend	verb
amplify	verb
appease	verb
applaud	verb
appraise	verb
ascertain	verb
ascribe	verb
assemble	verb
assert	verb
attain	verb
authorise	verb
avert	verb
bestow	verb
bolster	verb
captivate	verb
circumvent	verb
coerce	verb
coincide	verb
commemorate	verb
commence	verb
concur	verb
condone	verb
conform	verb
consolidate	verb
contend	verb
correlate	verb
corroborate	verb
curb	verb
curtail	verb
debunk	verb
decipher	verb
deduce	verb
defer	verb
defy	verb
denounce	verb
depict	verb
deplete	verb
deploy	verb
deteriorate	verb
deter	verb
devise	verb
differentiate	verb
discern	verb
discredit	verb
disperse	verb
displace	verb
disrupt	verb
dissolve	verb
divert	verb
dwell	verb
elicit	verb
elevate	verb
embark	verb
embody	verb
emulate	verb
encompass	verb
endanger	verb
enlighten	verb
entail	verb
enrich	verb
envisage	verb
eradicate	verb
erode	verb
escalate	verb
evoke	verb
exacerbate	verb
excel	verb
exert	verb
exemplify	verb
expire	verb
fabricate	verb
falter	verb
flourish	verb
fluctuate	verb
forfeit	verb
formulate	verb
fortify	verb
galvanise	verb
generalise	verb
hamper	verb
harness	verb
heighten	verb
hinder	verb
hoard	verb
impair	verb
impede	verb
implement	verb
imply	verb
incur	verb
infer	verb
inflict	verb
infringe	verb
instigate	verb
instil	verb
intervene	verb
intimidate	verb
invoke	verb
jeopardise	verb
legitimise	verb
liberate	verb
loom	verb
magnify	verb
mediate	verb
mitigate	verb
mobilise	verb
narrate	verb
nurture	verb
obliterate	verb
obstruct	verb
offset	verb
orchestrate	verb
outnumber	verb
overhaul	verb, noun
override	verb
oversee	verb
overturn	verb
perpetuate	verb
persevere	verb
pertain	verb
plummet	verb
ponder	verb
preclude	verb
prescribe	verb
prohibit	verb
proliferate	verb
prolong	verb
propel	verb
quantify	verb
reassure	verb
rebel	verb, noun
reconcile	verb
rectify	verb
redeem	verb
refine	verb
refrain	verb
refute	verb
reiterate	verb
relinquish	verb
replicate	verb
repress	verb
reproach	verb
rethink	verb
revamp	verb
revive	verb
revoke	verb
safeguard	verb, noun
scrutinise	verb
sever	verb
shun	verb
soar	verb
stagnate	verb
stipulate	verb
streamline	verb
subdue	verb
subsidise	verb
succumb	verb
supersede	verb
suppress	verb
surpass	verb
sway	verb
terminate	verb
thwart	verb
transcend	verb
uphold	verb
validate	verb
vindicate	verb
waive	verb
weaken	verb
widen	verb
wield	verb
accentuate	verb
adorn	verb
agonise	verb
amass	verb
antagonise	verb
assimilate	verb
attest	verb
belittle	verb
blur	verb
brace	verb
cherish	verb
cram	verb
crave	verb
crumble	verb
dazzle	verb
deflect	verb
degrade	verb
despise	verb
detain	verb
dilute	verb
disregard	verb
distort	verb
downplay	verb
dwindle	verb
embed	verb
empower	verb
endeavour	verb, noun
enlist	verb
entice	verb
entrust	verb
evade	verb
exasperate	verb
exclaim	verb
fend	verb
flaunt	verb
foresee	verb
glean	verb
gloat	verb
grapple	verb
hail	verb
humiliate	verb
ignite	verb
immerse	verb
improvise	verb
indulge	verb
inhibit	verb
interrogate	verb
irrigate	verb
lament	verb
lure	verb
meddle	verb
mimic	verb
mingle	verb
mislead	verb
nag	verb
outrage	noun, verb
overrate	verb
pamper	verb
perish	verb
pester	verb
plagiarise	verb
procrastinate	verb
rejoice	verb
relish	verb
reminisce	verb
replenish	verb
resent	verb
retaliate	verb
savour	verb
scold	verb
scorn	verb
shatter	verb
skim	verb
slam	verb
smother	verb
snatch	verb
splash	verb
spur	verb
startle	verb
stifle	verb
stray	verb
strive	verb
swamp	verb
taint	verb
topple	verb
tread	verb
undermine	verb
unravel	verb
unveil	verb
uproot	verb
vow	verb, noun
wane	verb
wither	verb
abundance	noun
accomplice	noun
accountability	noun
acumen	noun
adversity	noun
advocacy	noun
affiliation	noun
affluence	noun
allegation	noun
allegiance	noun
ambiguity	noun
amenity	noun
analogy	noun
anecdote	noun
anomaly	noun
antidote	noun
apathy	noun
aptitude	noun
arbitration	noun
arsenal	noun
aspiration	noun
assault	noun
assertion	noun
atrocity	noun
attribute	noun, verb
austerity	noun
backdrop	noun
benchmark	noun
blueprint	noun
bout	noun
breadth	noun
brink	noun
calibre	noun
catalyst	noun
caveat	noun
census	noun
clarity	noun
cohesion	noun
complacency	noun
complexity	noun
compliance	noun
conception	noun
concession	noun
confinement	noun
conformity	noun
conjunction	noun
connotation	noun
consortium	noun
constraint	noun
contention	noun
contingency	noun
continuity	noun
contradiction	noun
correlation	noun
creditor	noun
credential	noun
culprit	noun
deadlock	noun
dearth	noun
deception	noun
deficiency	noun
degradation	noun
deliberation	noun
denial	noun
depletion	noun
deprivation	noun
deterrent	noun
detriment	noun
deviation	noun
dichotomy	noun
discourse	noun
discrepancy	noun
disparity	noun
disposal	noun
disposition	noun
dissent	noun
distortion	noun
diversion	noun
doctrine	noun
drawback	noun
elimination	noun
embargo	noun
empathy	noun
endorsement	noun
enforcement	noun
enmity	noun
entitlement	noun
epitome	noun
equilibrium	noun
escalation	noun
exemption	noun
exodus	noun
expertise	noun
exploitation	noun
facade	noun
fallacy	noun
feat	noun
fervour	noun
fluctuation	noun
forefront	noun
foresight	noun
fortitude	noun
freight	noun
fusion	noun
gimmick	noun
grassroots	noun
greed	noun
guardian	noun
hallmark	noun
haven	noun
heyday	noun
hindrance	noun
hindsight	noun
homage	noun
hostility	noun
hygiene	noun
hypocrisy	noun
impasse	noun
impetus	noun
implementation	noun
incidence	noun
inclination	noun
inclusion	noun
inconvenience	noun
indictment	noun
inequality	noun
inertia	noun
influx	noun
ingenuity	noun
inhibition	noun
injustice	noun
innuendo	noun
insistence	noun
insolvency	noun
integration	noun
intuition	noun
jurisdiction	noun
juxtaposition	noun
kinship	noun
lapse	noun
latitude	noun
leverage	noun
litigation	noun
longevity	noun
loophole	noun
magnitude	noun
malice	noun
manifestation	noun
manifesto	noun
mentality	noun
mentor	noun
metaphor	noun
methodology	noun
misconception	noun
mishap	noun
moderation	noun
mortality	noun
negligence	noun
niche	noun
nuance	noun
oath	noun
onset	noun
ordeal	noun
outcry	noun
outlook	noun
oversight	noun
paradigm	noun
paradox	noun
parity	noun
patron	noun
peril	noun
persecution	noun
perseverance	noun
pitfall	noun
plight	noun
predecessor	noun
predicament	noun
premonition	noun
prerequisite	noun
proficiency	noun
prognosis	noun
proliferation	noun
prominence	noun
propensity	noun
proponent	noun
proximity	noun
prudence	noun
quest	noun
rapport	noun
rationale	noun
recurrence	noun
remnant	noun
remuneration	noun
renaissance	noun
repercussion	noun
replica	noun
repression	noun
reservoir	noun
resilience	noun
retention	noun
retribution	noun
revelation	noun
rhetoric	noun
sabotage	noun
saga	noun
scrutiny	noun
segregation	noun
setback	noun
solidarity	noun
sovereignty	noun
spectre	noun
stability	noun
stagnation	noun
stalemate	noun
stamina	noun
stigma	noun
stipulation	noun
subsidiary	noun
substitution	noun
supremacy	noun
surge	noun
surveillance	noun
susceptibility	noun
synergy	noun
tandem	noun
tenure	noun
tranquillity	noun
transcript	noun
trajectory	noun
turmoil	noun
upheaval	noun
upsurge	noun
utopia	noun
vanity	noun
vengeance	noun
vigilance	noun
vigour	noun
virtue	noun
vocation	noun
void	noun
whim	noun
wit	noun
zeal	noun
adamant	adjective
adept	adjective
affluent	adjective
agile	adjective
akin	adjective
aloof	adjective
ambiguous	adjective
ambivalent	adjective
amiable	adjective
apprehensive	adjective
arduous	adjective
articulate	adjective, verb
astute	adjective
audacious	adjective
benevolent	adjective
benign	adjective
blatant	adjective
buoyant	adjective
candid	adjective
cerebral	adjective
coercive	adjective
cogent	adjective
commonplace	adjective
compelling	adjective
complacent	adjective
conclusive	adjective
concise	adjective
conducive	adjective
conscientious	adjective
contentious	adjective
contingent	adjective
covert	adjective
credible	adjective
cumbersome	adjective
cynical	adjective
daunting	adjective
debatable	adjective
decisive	adjective
defiant	adjective
deficient	adjective
derelict	adjective
detrimental	adjective
devious	adjective
diligent	adjective
discreet	adjective
disillusioned	adjective
dismissive	adjective
disparate	adjective
disruptive	adjective
distinct	adjective
distinctive	adjective
dubious	adjective
durable	adjective
eccentric	adjective
elusive	adjective
eminent	adjective
empirical	adjective
endemic	adjective
enigmatic	adjective
ephemeral	adjective
erratic	adjective
exemplary	adjective
exhaustive	adjective
exorbitant	adjective
expansive	adjective
exquisite	adjective
extravagant	adjective
fallible	adjective
fanatical	adjective
fervent	adjective
fickle	adjective
flawed	adjective
flawless	adjective
formidable	adjective
fortuitous	adjective
frail	adjective
frivolous	adjective
frugal	adjective
futile	adjective
gratuitous	adjective
gregarious	adjective
grim	adjective
gullible	adjective
haphazard	adjective
hectic	adjective
holistic	adjective
idiosyncratic	adjective
illicit	adjective
immaculate	adjective
impartial	adjective
impeccable	adjective
imperative	adjective
impetuous	adjective
inadvertent	adjective
incessant	adjective
incoherent	adjective
incumbent	adjective
indispensable	adjective
indulgent	adjective
inept	adjective
inexplicable	adjective
ingenious	adjective
innate	adjective
insatiable	adjective
insightful	adjective
insurmountable	adjective
intricate	adjective
intrinsic	adjective
intrusive	adjective
irrational	adjective
irreversible	adjective
lavish	adjective
lenient	adjective
lucrative	adjective
ludicrous	adjective
lukewarm	adjective
meagre	adjective
meticulous	adjective
mundane	adjective
negligible	adjective
nominal	adjective
nonchalant	adjective
notorious	adjective
obsolete	adjective
ominous	adjective
opaque	adjective
opportunistic	adjective
overt	adjective
palpable	adjective
paramount	adjective
pervasive	adjective
poignant	adjective
pragmatic	adjective
precarious	adjective
predominant	adjective
prestigious	adjective
pretentious	adjective
prevalent	adjective
pristine	adjective
proficient	adjective
prolific	adjective
prudent	adjective
punctual	adjective
quaint	adjective
rampant	adjective
redundant	adjective
relentless	adjective
reputable	adjective
resilient	adjective
resolute	adjective
resourceful	adjective
retrospective	adjective
rigorous	adjective
salient	adjective
scant	adjective
sceptical	adjective
scrupulous	adjective
sedentary	adjective
serene	adjective
shrewd	adjective
sluggish	adjective
sombre	adjective
sparse	adjective
staggering	adjective
stark	adjective
steadfast	adjective
stringent	adjective
superficial	adjective
superfluous	adjective
susceptible	adjective
tangible	adjective
tantamount	adjective
tentative	adjective
tenuous	adjective
turbulent	adjective
unassuming	adjective
uncanny	adjective
unconditional	adjective
unequivocal	adjective
unfounded	adjective
unruly	adjective
unscrupulous	adjective
unwavering	adjective
unwitting	adjective
upbeat	adjective
versatile	adjective
volatile	adjective
wary	adjective
wholesome	adjective
wistful	adjective
zealous	adjective
abruptly	adverb
adversely	adverb
aptly	adverb
candidly	adverb
categorically	adverb
conceivably	adverb
concisely	adverb
discreetly	adverb
duly	adverb
emphatically	adverb
expressly	adverb
fundamentally	adverb
henceforth	adverb
implicitly	adverb
inadvertently	adverb
incidentally	adverb
inherently	adverb
invariably	adverb
markedly	adverb
overwhelmingly	adverb
profoundly	adverb
purportedly	adverb
ruthlessly	adverb
seldom	adverb
simultaneously	adverb
spontaneously	adverb
tentatively	adverb
thereafter	adverb
unduly	adverb
unwittingly	adverb
vehemently	adverb
wholly	adverb
insofar	adverb
whilst	conjunction
lest	conjunction
hitherto	adverb
acclaim	noun, verb
accord	noun
adjacent	adjective
aesthetic	adjective, noun
affinity	noun
aisle	noun
allure	noun
altitude	noun
amateur	noun, adjective
ambience	noun
anatomy	noun
annex	noun
antiquity	noun
apparatus	noun
appendix	noun
applause	noun
apprentice	noun
aquatic	adjective
arch	noun
archaeology	noun
aristocracy	noun
artefact	noun
artillery	noun
ascent	noun
ashore	adverb
assortment	noun
astronomy	noun
auditorium	noun
avenue	noun
axis	noun
bachelor	noun
ballad	noun
bankrupt	adjective
banner	noun
barrel	noun
barren	adjective
batch	noun
beacon	noun
beverage	noun
bilingual	adjective
biodiversity	noun
blaze	noun
blockade	noun
bodyguard	noun
bombardment	noun
botany	noun
bouquet	noun
boulder	noun
bracket	noun
brutality	noun
bulletin	noun
bureau	noun
burial	noun
canopy	noun
canvas	noun
carnival	noun
cartel	noun
cavity	noun
cemetery	noun
chancellor	noun
chaplain	noun
charisma	noun
chronic	adjective
circuit	noun
clergy	noun
coastline	noun
cognitive	adjective
commemoration	noun
communal	adjective
compost	noun
comrade	noun
confederation	noun
conquest	noun
consecutive	adjective
constituency	noun
contaminate	verb
contamination	noun
contractual	adjective
convoy	noun
copyright	noun
cornerstone	noun
coup	noun
courtyard	noun
crater	noun
creed	noun
cult	noun
curator	noun
cutting-edge	adjective
cynicism	noun
decree	noun
defect	noun
deity	noun
delegation	noun
demographic	adjective, noun
denomination	noun
deposition	noun
dialect	noun
dictator	noun
dictatorship	noun
diplomacy	noun
discharge	noun, verb
dissertation	noun
dock	noun
dormitory	noun
downside	noun
dweller	noun
dynasty	noun
ecological	adjective
electorate	noun
embryo	noun
emigrate	verb
encyclopedia	noun
endowment	noun
epic	adjective, noun
equator	noun
estate	noun
excavation	noun
exile	noun
expatriate	noun
extremist	noun
famine	noun
fauna	noun
flora	noun
feminism	noun
feudal	adjective
fiscal	adjective
flagship	noun
foliage	noun
folklore	noun
forensic	adjective
fortress	noun
fraternity	noun
fringe	noun
garment	noun
genocide	noun
geology	noun
geopolitical	adjective
globalisation	noun
governance	noun
graffiti	noun
gravel	noun
guerrilla	noun
habitual	adjective
hereditary	adjective
heresy	noun
hemisphere	noun
homicide	noun
horizon	noun
humanitarian	adjective
hydrogen	noun
iceberg	noun
icon	noun
immunity	noun
inauguration	noun
incarceration	noun
inmate	noun
insurgent	noun
intake	noun
intellect	noun
interim	adjective
irrigation	noun
landslide	noun
lineage	noun
linguistics	noun
livestock	noun
lobby	noun, verb
locomotive	noun
lunar	adjective
manuscript	noun
marine	adjective
maritime	adjective
martial	adjective
medieval	adjective
memoir	noun
meteorite	noun
microbe	noun
migrant	noun
migration	noun
militia	noun
monarchy	noun
monastery	noun
monument	noun
mosaic	noun
municipal	adjective
mural	noun
mutation	noun
narcotic	noun
nationalism	noun
naval	adjective
neurological	adjective
nomad	noun
nutritious	adjective
oasis	noun
offspring	noun
oligarchy	noun
orphan	noun
outskirts	noun
pact	noun
parish	noun
pathogen	noun
patriotism	noun
pedigree	noun
pharmaceutical	adjective
plague	noun
plantation	noun
pneumonia	noun
populist	adjective
precinct	noun
prehistoric	adjective
primate	noun
prodigy	noun
prophecy	noun
prose	noun
prototype	noun
psychiatrist	noun
psychic	adjective
quarantine	noun
quarry	noun
racism	noun
ransom	noun
rebate	noun
reef	noun
refinery	noun
regiment	noun
relic	noun
reptile	noun
republic	noun
residue	noun
respiratory	adjective
revolt	noun
rhetorical	adjective
rodent	noun
sanctuary	noun
sanitation	noun
satire	noun
scepticism	noun
secular	adjective
sediment	noun
senate	noun
sermon	noun
shrine	noun
skyline	noun
socialism	noun
spacecraft	noun
statute	noun
stimulant	noun
subsistence	noun
suburban	adjective
summit	noun
superpower	noun
symposium	noun
tariff	noun
taxation	noun
terrace	noun
textile	noun
thesis	noun
tirade	noun
topography	noun
torture	noun
toxin	noun
treason	noun
treasury	noun
trench	noun
tribunal	noun
tycoon	noun
tyranny	noun
urbanisation	noun
vaccination	noun
vegetation	noun
vessel	noun
veto	noun, verb
vineyard	noun
vocal	adjective
warfare	noun
watershed	noun
workaholic	noun
xenophobia	noun
zenith	noun
zoology	noun
