fiction	A2	noun
final	A2	adjective
flag	A2	noun
form	A2	noun
friendship	A2	noun
gallery	A2	noun
generation	A2	noun
grade	A2	noun
ground	A2	noun
guard	A2	noun
hairdresser	A2	noun
heat	A2	noun
housework	A2	noun
humour	A2	noun
image	A2	noun
inch	A2	noun
ingredient	A2	noun
instrument	A2	noun
item	A2	noun
jewellery	A2	noun
joke	A2	noun, verb
kilo	A2	noun
lab	A2	noun
laboratory	A2	noun
leaf	A2	noun
lifestyle	A2	noun
litre	A2	noun
mark	A2	noun, verb
mile	A2	noun
nationality	A2	noun
nest	A2	noun
opportunity	A2	noun
outfit	A2	noun
owner	A2	noun
partner	A2	noun
pity	A2	noun
poster	A2	noun
presenter	A2	noun
quiz	A2	noun
rainforest	A2	noun
reader	A2	noun
rope	A2	noun
row	A2	noun
sail	A2	verb
scissors	A2	noun
seed	A2	noun
shadow	A2	noun
sight	A2	noun
silence	A2	noun
soil	A2	noun
spot	A2	noun
string	A2	noun
sunglasses	A2	noun
supper	A2	noun
surname	A2	noun
sweets	A2	noun
tablet	A2	noun
target	A2	noun
toothbrush	A2	noun
toothpaste	A2	noun
tower	A2	noun
trainers	A2	noun
tune	A2	noun
volume	A2	noun
wing	A2	noun
winner	A2	noun
zero	A2	number
billion	A2	number
upset	A2	adjective
silent	A2	adjective
smoothly	A2	adverb
quietly	A2	adverb
loudly	A2	adverb
badly	A2	adverb
happily	A2	adverb
properly	A2	adverb
extremely	A2	adverb
fairly	A2	adverb
mostly	A2	adverb
alive	A2	adjective
amazed	A2	adjective
amused	A2	adjective
attractive	A2	adjective
crowded	A2	adjective
furious	A2	adjective
interested	A2	adjective
pleased	A2	adjective
sore	A2	adjective
strict	A2	adjective
talented	A2	adjective
tasty	A2	adjective
achieve	B1	verb
admit	B1	verb
affect	B1	verb
apply	B1	verb
arrange	B1	verb
assume	B1	verb
attract	B1	verb
beat	B1	verb
bend	B1	verb
bet	B1	verb
blame	B1	verb, noun
bother	B1	verb
bury	B1	verb
calculate	B1	verb
cancel	B1	verb
care	B1	verb, noun
cause	B1	verb, noun
charge	B1	verb, noun
cheat	B1	verb
claim	B1	verb, noun
combine	B1	verb
compete	B1	verb
concentrate	B1	verb
confirm	B1	verb
convince	B1	verb
crack	B1	verb, noun
criticise	B1	verb
define	B1	verb
deny	B1	verb
deserve	B1	verb
determine	B1	verb
disagree	B1	verb
disappear	B1	verb
discuss	B1	verb
dislike	B1	verb
educate	B1	verb
employ	B1	verb
establish	B1	verb
estimate	B1	verb, noun
examine	B1	verb
exist	B1	verb
expand	B1	verb
experiment	B1	noun, verb
express	B1	verb
extend	B1	verb
feed	B1	verb
fetch	B1	verb
forgive	B1	verb
gain	B1	verb
generate	B1	verb
greet	B1	verb
handle	B1	verb
ignore	B1	verb
impress	B1	verb
increase	B1	verb, noun
indicate	B1	verb
influence	B1	verb, noun
inform	B1	verb
injure	B1	verb
install	B1	verb
insist	B1	verb
intend	B1	verb
invent	B1	verb
invest	B1	verb
judge	B1	verb, noun
lack	B1	noun, verb
lay	B1	verb
limit	B1	noun, verb
link	B1	noun, verb
load	B1	verb
measure	B1	verb
mention	B1	verb
observe	B1	verb
obtain	B1	verb
occur	B1	verb
operate	B1	verb
oppose	B1	verb
owe	B1	verb
persuade	B1	verb
predict	B1	verb
prevent	B1	verb
progress	B1	noun
punish	B1	verb
qualify	B1	verb
react	B1	verb
realise	B1	verb
recover	B1	verb
reflect	B1	verb
regret	B1	verb
relate	B1	verb
rely	B1	verb
remind	B1	verb
repair	B1	verb
represent	B1	verb
require	B1	verb
respect	B1	verb, noun
respond	B1	verb
retire	B1	verb
reveal	B1	verb
risk	B1	noun, verb
satisfy	B1	verb
scare	B1	verb
seek	B1	verb
select	B1	verb
separate	B1	verb, adjective
settle	B1	verb
shock	B1	verb, noun
skip	B1	verb
slide	B1	verb
spread	B1	verb
squeeze	B1	verb
state	B1	verb, noun
stretch	B1	verb
strike	B1	verb
struggle	B1	verb
supply	B1	verb, noun
surround	B1	verb
survive	B1	verb
swap	B1	verb
swing	B1	verb
tear	B1	verb
tend	B1	verb
threaten	B1	verb
translate	B1	verb
trust	B1	verb, noun
vary	B1	verb
wander	B1	verb
wipe	B1	verb
announce	B1	verb
appreciate	B1	verb
approach	B1	verb, noun
attach	B1	verb
attempt	B1	verb, noun
behave	B1	verb
boost	B1	verb
breed	B1	verb
bully	B1	verb
chase	B1	verb
clap	B1	verb
compose	B1	verb
conduct	B1	verb
consist	B1	verb
cope	B1	verb
crawl	B1	verb
cure	B1	verb, noun
decorate	B1	verb
delay	B1	verb, noun
demand	B1	verb, noun
display	B1	verb, noun
dive	B1	verb
donate	B1	verb
drag	B1	verb
float	B1	verb
flow	B1	verb, noun
gather	B1	verb
glance	B1	verb
govern	B1	verb
grab	B1	verb
heal	B1	verb
